2024-11-29 18:39:11,137, INFO, Operació completada amb èxit. ID: 8422
2024-11-29 18:39:13,150, INFO, Operació completada amb èxit. ID: 9984
2024-11-29 18:39:17,164, INFO, Operació completada amb èxit. ID: 7212
2024-11-29 18:41:15,767, INFO, Operació completada amb èxit. ID: 8685
2024-11-29 18:41:15,767, INFO, Operació completada amb èxit. ID: 8685
2024-11-29 18:41:17,778, INFO, Operació completada amb èxit. ID: 2779
2024-11-29 18:41:17,778, INFO, Operació completada amb èxit. ID: 2779
2024-11-29 18:41:19,795, INFO, Operació completada amb èxit. ID: 8202
2024-11-29 18:41:19,795, INFO, Operació completada amb èxit. ID: 8202
2024-11-29 18:41:21,809, INFO, Operació completada amb èxit. ID: 6517
2024-11-29 18:41:21,809, INFO, Operació completada amb èxit. ID: 6517
2024-11-29 18:41:23,819, INFO, Operació completada amb èxit. ID: 4923
2024-11-29 18:41:23,819, INFO, Operació completada amb èxit. ID: 4923
2024-11-29 18:41:27,844, INFO, Operació completada amb èxit. ID: 9172
2024-11-29 18:41:27,844, INFO, Operació completada amb èxit. ID: 9172
2024-11-29 18:41:31,860, INFO, Operació completada amb èxit. ID: 3205
2024-11-29 18:41:31,860, INFO, Operació completada amb èxit. ID: 3205
